001|需新建|S1/S7|mcp/security.rs::authorize|持续调用逐次鉴权且不重复弹窗；拒绝AI修改授权
002|需新建|S1/S6|mcp/security.rs::effective_permissions|三组默认值与客户端授权交集；匿名请求拒绝
003|被现有机制阻碍|S7|lib.rs::background_start|主程序未运行时静默启动；无窗口/浮窗抢焦点
004|现有可复用、需修改|S3/S4|domain.rs::dispatch_operation|日常动作经共享域执行；永久删除/覆盖恢复动作拒绝
005|需新建|S3|mcp/audit.rs::append_change|业务与前后审计原子；撤销只能经软件批准
006|需新建|S3|mcp/limits.rs::batch_budget|20个实际受影响事项边界、用户调整及累计限流
007|需新建|S1|mcp/security.rs::client_registry|两个客户端独立权限、身份及撤销互不冒用
008|需新建|S1|mcp/security.rs::credential_validity|同机重启长期有效；撤销/轮换后失效
009|需新建|S6|mcp/security.rs::device_binding|同机升级保留；换机复制业务备份/安全文件不能复活授权
010|现有可复用、需修改|S7|McpManagement.tsx::operation_notice|多项通知合并；后台无Windows系统通知/焦点
011|被现有机制阻碍|S1/S5|mcp/query.rs::query_tasks|全历史筛选分页≤100；超限/自由文本投影边界
012|现有可复用、需修改|S3|domain.rs::ensure_requested_master|明确新增缺失值；禁止重命名/删除/重排/合并字典
013|需新建|S3|mcp/write.rs::idempotent_create|疑似重复只提示；同键重试一次创建；同键不同请求拒绝
014|被现有机制阻碍|S3|domain.rs::check_field_base|不同字段安全合并；同字段/联动字段冲突全拒绝
015|需新建|S1/S3|mcp/write.rs::bounded_retry|技术失败最多重试2次；权限/冲突及未知结果不重放
016|需新建|S3/S7|mcp/undo.rs::approve_undo|AI仅申请；UI批准后当前字段冲突检查再逆向领域事务
017|需新建|S3|mcp/audit.rs::retention_export|无限期业务AI审计；CSV/JSON手动清理保护待撤销/幂等证据
018|现有可复用、需修改|S3|mcp/audit.rs::source_reason|AI解释写审计不生成办理量；来源/真实活动分类明确
019|现有可复用、需修改|S3|domain.rs::record_content|详情/备注/办理分别处理；不虚构已完成工作
020|被现有机制阻碍|S3|domain.rs::patch_fields|省略/清空/片段区别；整体替换明确；历史精确ID留原迹
021|现有可复用、需修改|S3|mcp/write.rs::intent_validation|无根据日期/加急/联系人建议不写；逾期不能手动设
022|现有可复用、需修改|S3/S4|domain.rs::optimize_queue|只有明确队列优化指令才调序；编号及办理轮次不变
023|被现有机制阻碍|S4/S9|domain.rs::replan|未来日期明确；预占/延迟/提前及跨日正确；C2批量确认待裁决
024|现有可复用、需修改|S3/S4|domain.rs::subtask_operations|创建/关联/解除/排序；两级及父子独立；两端限域
025|被现有机制阻碍|S3/S9|domain.rs::archive_or_trash|明确筛选/删除意图；C1归档范围待裁决；禁永久删除
026|被现有机制阻碍|S3/S9|domain.rs::correct_work_event|精确事件纠错留原迹；作废/替代事件及统计；C3待裁决
027|现有可复用、需修改|S5|mcp/query.rs::filter_aggregate|多条件/关联聚合授权一致；任意SQL拒绝
028|现有可复用、需修改|S1/S5|mcp/query.rs::structured_report|日周月自定义结构化口径/范围；无AI生成事实冒充
029|现有可复用、需修改|S5|mcp/query.rs::history_scope|归档有效历史纳入；默认回收站/作废排除；明确查询受权
030|需新建|S5|mcp/query.rs::saved_queries|明确保存条件；读取模板后重新鉴权不绕限域
031|现有可复用、需修改|S4/S5/S9|mcp/query.rs::calendar|日历只读真实历史；未来计划经事项域不新增调度
032|现有可复用、需修改|S3|domain.rs::batch_attributes|明确批量工作量/加急；不改历史口径，不写计算逾期
033|现有可复用、需修改|S3/S5|mcp/query.rs::task_timeline|完整多来源历史分页；未授权正文/父子信息不泄漏
034|现有可复用、需修改|S6/S7|mcp/preferences.rs::allowed_patch|仅既有低风险字体/缩放/编号色；拒绝安全/恢复/新主题
035|现有可复用、需修改|S6|mcp/export.rs::backup_and_business_export|明确本地备份幂等receipt；禁止库读取/恢复/删除；导出限域
036|尚待验证|S1/S9|api-draft.md::forbidden_actions|API与分发无附件/任意文件能力；P0明确排除待验收
037|现有可复用、需修改|S5|mcp/query.rs::related_evidence|授权数据供关联分析；事实/推断分开；不永久写关系
038|现有可复用、需修改|S3|domain.rs::decompose_tasks|明确拆解不新增义务；批内父子引用及真实目标范围
039|被现有机制阻碍|S3|mcp/batch.rs::atomic_execute|混合创建/更新/关系/状态第N步失败全部回滚含审计编号
040|需新建|S3|mcp/batch.rs::dry_run|同一域规则隔离副本预演；生产业务/号码/日志零写入
041|现有可复用、需修改|S7|mcp/batch.rs::results/McpManagement.tsx|每项差异/实际结果正确；UI合并轻提示
042|现有可复用、需修改|S1|mcp/contract.rs::capabilities|真实版本/工具/有效权限；未实现能力不声明
043|被现有机制阻碍|S1/S9|api-draft.md::migration_contract|保留名称可选参数原则；认证/100条破坏变化披露
044|现有可复用、需修改|S7|McpManagement.tsx::connection_guide|独立凭证配置及连接测试；不改第三方文件
045|需新建|S1|mcp/contract.rs::auth_errors|区分未认证/无权/撤销/暂停/版本；无数据错误指引
046|被现有机制阻碍|S2/S7|mcp/ipc.rs::coordinator|单实例在开库前；静默/可信管道/多客户端安全重连
047|需新建|S6/S7|mcp/security.rs::pause|全局暂停持久；后台启动/正常退出不解除
048|被现有机制阻碍|S2/S3|domain.rs::write_coordinator|两客户端并发统一事务序；异字段合并同字段冲突
049|需新建|S1/S2|mcp/limits.rs::resource_quotas|压力时内存/任务/调用受限，UI响应；部分不冒充完整
050|现有可复用、需修改|S1|mcp/diagnostics.rs::structured_log|脱敏轮转/健康/导出；stdio stdout只有协议
051|现有可复用、需修改|S8|test-plan.md::test_layers|域/SQLite/stdio/并发/安全/安装隔离覆盖且记录退出码
052|现有可复用、尚待验证|S9|phase-plan.md::gate|本阶段测试/验收后提交推送Tag再转阶段；本轮等待
053|现有可复用、需修改|S2/S6|database.rs::protected_migration|迁移前保护备份、完整性/FK/失败回滚；授权不恢复
054|现有可复用、尚待验证|S9|docs/mcp/README.md::document_sync|随阶段更新文档；未实现不宣传；三权威输入压缩回读
055|需新建|S7|McpManagement.tsx::first_enable|极简引导/敏感组一次提示/折叠详情
056|现有可复用、需修改|S1/S5|bin/in-line-mcp.rs::report_tools|两个报告业务口径保留；新增认证/限域明确例外
057|被现有机制阻碍|S1/S8|mcp/security.rs::authenticate_legacy|旧匿名契约改成拒绝；配置迁移一次；不能保留旁路
058|需新建|S2/S6|mcp/security.rs::storage_domains|凭证/权限/暂停独立；业务审计同事务；诊断轮转
059|需新建|S1|mcp/security.rs::rotate_revoke|立即轮换撤销；失败限流；日志/进程参数不含明文
060|需新建|S3/S5|mcp/security.rs::scope_predicate|部门/类型作用于读写/报告/历史/导出；C4多部门语义待核验
061|现有可复用、需修改|S1|mcp/ipc.rs::local_transport|仅MCP stdio；内部管道拒绝远程/其他会话；无网络监听
062|需新建|S1|mcp/jobs.rs::submit|短调用同步长任务异步；进度/取消及结果
063|需新建|S1|mcp/jobs.rs::authorization_checkpoint|sidecar断开可继续；暂停/撤销停止读；取结果再鉴权
064|需新建|S6|mcp/jobs.rs::retention|摘要30天/临时结果7天；正式导出保留；安全手动清理
065|需新建|S1|mcp/jobs.rs::owner_check|跨客户端读/取消任务拒绝；用户UI集中管理
066|需新建|S3|mcp/jobs.rs::cancel|检查点取消/释放资源；取消中区分；已提交写不撤销
067|现有可复用、需修改|S7|McpManagement.tsx::job_notice|成功/失败/取消轻提示合并无焦点/系统通知
068|尚待验证|S1/S9|api-draft.md::scheduling_exclusion|不存在新增In-Line定时引擎；外部定时仍鉴权
069|现有可复用、需修改|S1|mcp/contract.rs::tool_registry|按领域判别联合Schema；各动作逐次鉴权不过量工具
070|被现有机制阻碍|S1|mcp/contract.rs::response_envelope|结构化壳/状态/code/isError与专用字段；保留协议错误
071|需新建|S3|mcp/batch.rs::diff|逐事项逐字段预演/实际差异；未授权before值不泄漏
072|需新建|S3|mcp/write.rs::resolve_target|唯一上下文ID可执行；多个候选等待指明不猜测
073|需新建|S3|mcp/batch.rs::resolve_all|一项歧义全批零提交；不先执行确定部分
074|现有可复用、需修改|S3/S4|domain.rs::no_change|目标相同不增加事件/统计/编号；显式重新入队另处理
075|现有可复用、需修改|S3/S9|mcp/write.rs::intent_scope|链式操作只在明确意图内；新增关键变化再确认
076|需新建|S3/S7|mcp/write.rs::verify_commit|已提交核验异常与结果未知区分；UI广播失败不重写
077|需新建|S3|mcp/write.rs::post_commit_recovery|只读核验有界重试；禁止补偿性业务修改
078|被现有机制阻碍|S2/S5|mcp/query.rs::snapshot_page|冻结内容与排序；并发写跨页不混基准，无长生产锁
079|需新建|S5|mcp/cache.rs::short_report_cache|数据/授权变化失效；客户端隔离无复杂用户设置
080|需新建|S3/S4|mcp/changes.rs::scan|所有UI/MCP/导入/生命周期变更可靠序列；分页非订阅
081|需新建|S3|mcp/changes.rs::events_and_current|事件与最新状态两模式；隐藏/重复事件仍推进扫描水位
082|需新建|S6|mcp/changes.rs::resync|缺口/代际失效明确；全量当前状态分页，历史缺失不伪造
083|需新建|S2/S5|mcp/health.rs::check|游标/连续性/代际/缓存只读；不自动修业务库
084|需新建|S3|mcp/health.rs::rebuild_derived|派生索引隔离重建校验切换；权威历史不伪造
085|需新建|S5|mcp/contract.rs::completeness|完整/部分/范围/快照/已知缺口如实返回
086|现有可复用、需修改|S5|mcp/trace.rs::metric_basis|指标公式和有效事件/事项分页可追溯且限域
087|现有可复用、需修改|S5|mcp/trace.rs::compare_basis|先比口径/范围/快照/权限；缓存重算不改源库
088|需新建|S5/S8|mcp/diagnostics.rs::report_repro|脱敏真实统计复现资料；手动导出/隔离回归
089|尚待验证|S9|requirements-traceability.md::coverage|001–144唯一；实现/测试/证据/状态/用户/Commit/Tag不遗漏
090|现有可复用、尚待验证|S9|phase-plan.md::failed_gate|阶段失败保留当前阶段；重新验收前无提交/转阶段
091|尚待验证|S8/S9|test-plan.md::cross_phase_regression|后续修复标受影响需求并复验历史出口
092|现有可复用、尚待验证|S8/S9|phase-plan.md::git_checkpoint|验收后Commit/Push固定Tag；不触发正式发布/移动Tag
093|尚待验证|S8|test-plan.md::final_integration|新旧/权限/并发/数据/异常/安装真运行独立验收
094|尚待验证|S9|phase-plan.md::severity_gate|P0/P1缺陷阻断；P2/P3遗留必须用户明确接受
095|现有可复用、需修改|S8|acceptance/PHASE-09.md::release_checklist|CI/安装/更新/旧库/权限/备份/MCP/Release逐项真实证据
096|尚待验证|S8/S9|phase-plan.md::incident_plan|重大风险用户批准后暂停分发/热修；不远控已装端
097|尚待验证|S9|test-plan.md::hotfix_minimum|可精简非关键；安全/数据/关联/升级/批准不能省略
098|现有可复用、需修改|S8|tests/mcp_contract.rs::compatibility|已发布契约进CI；安全破坏例外迁移说明
099|尚待验证|S1/S9|api-draft.md::legacy_removal|允许下一正式版直接移除无90天；披露/迁移须批准
100|现有可复用、需修改|S7|McpManagement.tsx::compatibility_check|轻量真实连接测试/迁移；已授权不等于验证，不改配置
101|需新建|S7|McpManagement.tsx::recent_access|最近访问/结果/异常准确；不声称当前在线
102|需新建|S1|mcp/limits.rs::client_rate_limit|连续失败/高频分级临时限制；不能反向锁无辜或复活撤销
103|需新建|S3|mcp/jobs.rs::inflight_limit|限流拒绝新请求；事务完成/回滚；任务检查点暂缓
104|需新建|S1|mcp/jobs.rs::resume_validation|解除限流重验授权/基准/期限；不可恢复任务终止
105|需新建|S1|mcp/jobs.rs::pause_deadline|首次暂停30分钟上限；多次限流/重启不续期
106|需新建|S3|mcp/jobs.rs::crash_recover|持久只读检查点恢复；提交不明写仅查账本不重放
107|需新建|S6|mcp/jobs.rs::recovery_window|异常退出首次恢复窗口24小时；反复重启不延期
108|需新建|S2/S5|mcp/jobs.rs::baseline_check|相同可验证基准才恢复；失效旧任务不混版本
109|需新建|S5|mcp/jobs.rs::one_full_requery|符合原意图完整重查最多1次；再次失败停止
110|需新建|S7|mcp/jobs.rs::request_executions|同请求多轮独立证据合并展示；只取完整有效最终轮
111|需新建|S1|mcp/jobs.rs::deduplicate|同客户端参数/权/基准一致在途复用；明确重查/跨客户端例外
112|需新建|S1|mcp/jobs.rs::cancel_waiter_or_job|一等待调用取消不停止共享任务；任务取消需明确
113|需新建|S5|mcp/cache.rs::result_reuse|同客户端数据/口径/权限/TTL仍有效；明确重查不复用
114|需新建|S7|mcp/cache.rs::provenance|返回来源任务/计算时间/快照/校验；UI轻量显示
115|需新建|S2|mcp/cache.rs::invalidate_evict|数据变更失效+TTL/容量淘汰；不删业务记录
116|需新建|S6|mcp/cache.rs::tiers|内存优先；确有性能收益才落受保护磁盘；重启复验
117|需新建|S6/S9|mcp/cache.rs::acl_storage|仅当前用户WindowsACL，无内容加密；无凭证/最少敏感落盘
118|需新建|S6/S7|mcp/cache.rs::clear/McpManagement.tsx|空间统计一键清理；避开活动任务/正式导出/审计/检查点
119|需新建|S6/S7|mcp/cache.rs::capacity_failure|先自动清理；持续失败提示；磁盘不足业务库优先
120|需新建|S6|mcp/diagnostics.rs::cache_log|维护日志独立轮转汇总，不混长期业务AI审计
121|需新建|S1/S3|mcp/contract.rs::correlation_ids|request/job/execution/error/audit可关联且各域期限独立
122|需新建|S1|mcp/diagnostics.rs::own_error|AI只取自身errorId脱敏内容；他人/原始堆栈拒绝
123|需新建|S3|mcp/diagnostics.rs::safe_recovery|白名单有限只读技术恢复；禁业务修复/授权/恢复
124|需新建|S1|mcp/diagnostics.rs::stop_retry|严格上限/措施结果建议；持续或人工介入才轻提醒
125|需新建|S7|mcp/issues.rs::aggregate|根因线索/客户端/模块/时间聚合轮次保留关联
126|需新建|S8|mcp/issues.rs::verify_recovery|措施后待验证；相关真实调用成功与稳定检查后恢复
127|需新建|S6|mcp/issues.rs::summary_retention|恢复后30天清摘要；手动归档；未恢复不超期消失
128|需新建|S7|mcp/issues.rs::new_round|复发新轮次关联旧恢复证据不覆盖
129|需新建|S7|mcp/issues.rs::attention|反复故障提升关注；不自动升严重度/权限
130|需新建|S7|mcp/issues.rs::recurrence_threshold|滚动30天3个独立相关轮；不新增用户阈值设置
131|需新建|S7|mcp/issues.rs::mute|普通故障静音7天到期/风险提升解除；P0P1拒绝静音
132|需新建|S7/S9|McpManagement.tsx::issue_status_filter|只基础状态；无组合/关键词搜索
133|需新建|S7|mcp/export.rs::issue_summary|用户按状态手动CSV/JSON；轮次/关联ID且无原始日志
134|需新建|S7|mcp/export.rs::factual_brief|简短实际事实与待验证假设分开，无外部AI
135|需新建|S6/S7|mcp/export.rs::preview_confirm|敏感检查/一次预览确认；写入同一冻结内容；CSV防公式注入
136|尚待验证|S9|mcp/export.rs::no_hash_manifest|故障导出无SHA清单/签名仍读回成功；更新digest保留
137|需新建|S7|mcp/export.rs::codex_prompt|手动生成标准排查提示词；不调用Codex/自动修复
138|需新建|S1/S8|mcp/diagnostics.rs::version_metadata|故障时/导出时版本和可信Commit；缺失null不猜
139|现有可复用、尚待验证|S8/S9|test-plan.md::historical_worktree|独立Worktree与隔离库复现；主区需批准
140|尚待验证|S9|test-plan.md::selective_backport|先证当前受影响；批准后cherry-pick/现架构修复再验收
141|现有可复用、尚待验证|S8|test-plan.md::permanent_regressions|真实缺陷长期回归入CI；不能自动化留人工步骤
142|尚待验证|S8/S9|test-plan.md::test_integrity|不删/削弱关键断言；须批准且优先替代覆盖
143|现有可复用、尚待验证|S8/S9|test-plan.md::first_failure|保存首次/重跑查因；关键测试不靠重跑通过放行
144|尚待验证|S8/S9|test-plan.md::temporary_quarantine|只非关键且事先批准；替代验证/恢复条件；关键不隔离
